lei,provider,symbol,note
2549005410S0DTXUQ121,,?,Goldsky Resources Corp.: foreign ISIN CA33583M1077 has no Swedish listing in OpenFIGI - SDB or foreign symbol?; last traded 2026-09-08
549300ZCX5WJ0J9YD162,,?,Finepart Sweden AB: no Swedish home listing in OpenFIGI for SE0009189442 - delisted / renamed / new ISIN?; last traded 2026-09-07
64887HUYX14K9T80J308,,?,Harmoney BidCo: only non-share ISINs in FI data (SE0027598178 is Obligation) - likely no listed share; last traded 2026-09-04
549300XZE8FG96FTL804,,?,Viva Wine Group AB: no Swedish home listing in OpenFIGI for SE0017084361 - delisted / renamed / new ISIN?; last traded 2026-09-02
549300OIZY0YFA43IH47,,?,FANO AB: no Swedish home listing in OpenFIGI for SE0017084361 - delisted / renamed / new ISIN?; last traded 2026-08-31
529900BWE386D22MGZ23,,?,Bambuser AB: no Swedish home listing in OpenFIGI for SE0009663834 - delisted / renamed / new ISIN?; last traded 2026-08-30
549300306YYJ3BX3VB98,,?,Inify Laboratories AB (publ): no Swedish home listing in OpenFIGI for SE0017486103 - delisted / renamed / new ISIN?; last traded 2026-08-26
5493001KJTIIGC8Y1R12,,?,Moberg Pharma AB (publ): no Swedish home listing in OpenFIGI for SE0003613090 - delisted / renamed / new ISIN?; last traded 2026-08-21
549300PS6XPVP3MP2W76,,?,Cell Impact AB (publ): no Swedish home listing in OpenFIGI for SE0005003217 - delisted / renamed / new ISIN?; last traded 2026-08-21
636700W1VM86O2G2AA36,,?,Sveafastigheter AB (publ): no Swedish home listing in OpenFIGI for SE0022243812 - delisted / renamed / new ISIN?; last traded 2026-08-05
5493007X18A4WYOP9C86,,?,Modelon AB (publ): no Swedish home listing in OpenFIGI for SE0015948591 - delisted / renamed / new ISIN?; last traded 2026-07-29
549300GO1WGVLLTB6M77,,?,Spotr Group AB: no Swedish home listing in OpenFIGI for SE0009267974 - delisted / renamed / new ISIN?; last traded 2026-07-24
549300KSY3P5G8XC0A34,,?,Cint Group AB (publ): no Swedish home listing in OpenFIGI for SE0015483276 - delisted / renamed / new ISIN?; last traded 2026-07-21
9845000466FA0OB3CU51,,?,Cint Group AB (publ): no Swedish home listing in OpenFIGI for SE0015483276 - delisted / renamed / new ISIN?; last traded 2026-07-21
5493004YF5D7Z612Z822,,?,Fingerprint Cards AB: no Swedish home listing in OpenFIGI for SE0008374250 - delisted / renamed / new ISIN?; last traded 2026-07-20
549300LHOWJ5TLK68326,,?,Flat Capital AB (publ): no Swedish home listing in OpenFIGI for SE0016609846 - delisted / renamed / new ISIN?; last traded 2026-07-15
984500E76A454BADAI39,,?,Wyld Networks AB: no Swedish home listing in OpenFIGI for SE0015812516 - delisted / renamed / new ISIN?; last traded 2026-07-15
549300XFN5TB930OXX79,,?,Nilörngruppen AB: no Swedish home listing in OpenFIGI for SE0007100342 - delisted / renamed / new ISIN?; last traded 2026-07-13
5493000JP703HGPJEX27,,?,Annexin Pharmaceuticals AB (publ): no Swedish home listing in OpenFIGI for SE0009664154 - delisted / renamed / new ISIN?; last traded 2026-07-09
984500C635EA7EDB7420,,?,C100 AB (publ): no Swedish home listing in OpenFIGI for SE0017616006 - delisted / renamed / new ISIN?; last traded 2026-07-03
54930082I88D5N3GQ506,,?,PharmaLundensis AB: no Swedish home listing in OpenFIGI for SE0003359710 - delisted / renamed / new ISIN?; last traded 2026-07-01
5493003GP1XAFTYRJM76,,?,Eco Wave Power Global AB (publ): no Swedish home listing in OpenFIGI for SE0012569663 - delisted / renamed / new ISIN?; last traded 2026-06-30
549300AJ172TXRYCYX42,,?,Clemondo Group AB (publ): no Swedish home listing in OpenFIGI for SE0005504669 - delisted / renamed / new ISIN?; last traded 2026-06-30
549300TMBWKN02J3ZT25,,?,Avida Finans AB (publ): no Swedish home listing in OpenFIGI for SE0015195375 - delisted / renamed / new ISIN?; last traded 2026-06-29
984500E8C6ME4A9FC473,,?,District Metals Corp.: foreign ISIN CA2548481043 has no Swedish listing in OpenFIGI - SDB or foreign symbol?; last traded 2026-06-29
A23RUXWKASG834LTMK28,,?,AUTOLIV INC.: foreign ISIN US0528001094 has no Swedish listing in OpenFIGI - SDB or foreign symbol?; last traded 2026-06-12
529900MZ8Y3QGPDF6815,,?,Nobia AB: no Swedish home listing in OpenFIGI for SE0000949331 - delisted / renamed / new ISIN?; last traded 2026-06-11
549300JUXRYHJJ8W5702,,?,Binero Group AB (publ): no ISIN in FI data; last traded 2026-06-02
636700GHAKJIRJZMF095,,?,Binero Group AB (publ): no ISIN in FI data; last traded 2026-06-02
549300KUVO1BQICBRP39,,?,Bankaktiebolaget Nordiska: no Swedish home listing in OpenFIGI for SE0005223757 - delisted / renamed / new ISIN?; last traded 2026-06-01
549300A64U24QVHYJ135,,?,Rederiaktiebolaget Gotland: no Swedish home listing in OpenFIGI for SE0000105397 - delisted / renamed / new ISIN?; last traded 2026-05-31
549300CWU26O72BETH03,,?,SBP Kredit AB (publ): no Swedish home listing in OpenFIGI for SE0014782827 - delisted / renamed / new ISIN?; last traded 2026-05-28
549300JASIFTHQMIX708,,?,Dome Energy AB (publ): no Swedish home listing in OpenFIGI for SE0011415710 - delisted / renamed / new ISIN?; last traded 2026-05-06
984500B0FF8C003F4141,,?,NFGAB: no Swedish home listing in OpenFIGI for SE0001994658 - delisted / renamed / new ISIN?; last traded 2026-05-04
549300Q65OLJQDCR6033,,?,Eminova Fondkommission: no Swedish home listing in OpenFIGI for SE0015382155 - delisted / renamed / new ISIN?; last traded 2026-04-29
549300SFOL75WIYF2O80,,?,2cureX AB: no Swedish home listing in OpenFIGI for SE0010468124 - delisted / renamed / new ISIN?; last traded 2026-04-22
549300OUFYN9P5VF9D79,,?,CoinShares International Limited: foreign ISIN JE00BLD8Y945 has no Swedish listing in OpenFIGI - SDB or foreign symbol?; last traded 2026-03-31
549300YVK245BRBI4R57,,?,Refine Group AB (publ): no Swedish home listing in OpenFIGI for SE0021021656 - delisted / renamed / new ISIN?; last traded 2026-03-25
984500M396A7C68AQE11,,?,Rebellion Capital AB (Publ): only non-share ISINs in FI data (SE0023113790 is Obligation) - likely no listed share; last traded 2026-02-24
549300IY6ZWVN0V2P455,,?,SciBase Holding AB (publ): no Swedish home listing in OpenFIGI for SE0007045414 - delisted / renamed / new ISIN?; last traded 2026-02-20
549300C17TZXE1IEOA66,,?,ADDvise Group AB (publ): no Swedish home listing in OpenFIGI for SE0007464862 - delisted / renamed / new ISIN?; last traded 2026-02-17
549300YMK80CHRZY1N69,,?,Moank Fintech Group AB (publ): no Swedish home listing in OpenFIGI for SE0018741704 - delisted / renamed / new ISIN?; last traded 2026-02-16
549300JN2F648ULRTI22,,?,Bredband2 i Skandinavien AB: no Swedish home listing in OpenFIGI for SE0000648669 - delisted / renamed / new ISIN?; last traded 2026-02-02
984500F0A56FIF3C6091,,?,Novedo Holding AB (publ): only non-share ISINs in FI data (NO0013324731 is Konvertibel) - likely no listed share; last traded 2026-01-23
549300EJLPK6GU0LOD67,,?,Consensus Asset Management AB (publ): no Swedish home listing in OpenFIGI for SE0015191739 - delisted / renamed / new ISIN?; last traded 2026-01-16
549300LTE2I4FCH11858,,?,LSTH Svenska Handelsfastigheter AB (publ): no ISIN in FI data; last traded 2026-01-16
529900227RVB89NZH924,,?,SHAMARAN PETROLEUM CORP.: foreign ISIN CA8193201024 has no Swedish listing in OpenFIGI - SDB or foreign symbol?; last traded 2026-01-12
549300FOT7EE85QYB655,,?,Arise AB: no Swedish home listing in OpenFIGI for SE0002095604 - delisted / renamed / new ISIN?; last traded 2025-12-30
549300810BGW37GN1096,,?,PolarCool AB: no Swedish home listing in OpenFIGI for SE0012570422 - delisted / renamed / new ISIN?; last traded 2025-12-16
549300OJ44CLMRU8YE43,,?,Active Biotech AB: no Swedish home listing in OpenFIGI for SE0001137985 - delisted / renamed / new ISIN?; last traded 2025-12-15
52990088ORM3IZ9FVS22,,?,Heliospectra AB (publ): no Swedish home listing in OpenFIGI for SE0005933082 - delisted / renamed / new ISIN?; last traded 2025-12-10
549300HFGZRJQVLZI163,,?,Scandinavian Real Heart AB: no Swedish home listing in OpenFIGI for SE0006256798 - delisted / renamed / new ISIN?; last traded 2025-11-24
549300VYOWTDZ7TUOD53,,?,Zaplox AB: no Swedish home listing in OpenFIGI for SE0009722465 - delisted / renamed / new ISIN?; last traded 2025-11-18
894500HHLJY19MRB0U43,,?,Qlife Holding AB: no Swedish home listing in OpenFIGI for SE0013486552 - delisted / renamed / new ISIN?; last traded 2025-11-18
549300MLSK8EUEWHSF74,,?,Backaheden Fastighets AB: no Swedish home listing in OpenFIGI for SE0015221619 - delisted / renamed / new ISIN?; last traded 2025-11-12
549300RQJ5YP5SU5BB17,,?,Lumito AB (publ): no Swedish home listing in OpenFIGI for SE0011282847 - delisted / renamed / new ISIN?; last traded 2025-11-10
5493006KHWZ6OVF3IO54,,?,Resurs Holding AB (publ): no Swedish home listing in OpenFIGI for SE0007665823 - delisted / renamed / new ISIN?; last traded 2025-11-05
549300JM9VE0XLNZ5Y70,,?,Tempcon Group Aktiebolag: only non-share ISINs in FI data (SE0023971254 is Obligation) - likely no listed share; last traded 2025-11-05
5493005UZCE62A6LXT97,,?,Northern CapSek Ventures AB: no Swedish home listing in OpenFIGI for SE0014452942 - delisted / renamed / new ISIN?; last traded 2025-11-04
549300PR5JPPN6YJC340,,?,HUBSO GROUP AB (publ): no Swedish home listing in OpenFIGI for SE0009806177 - delisted / renamed / new ISIN?; last traded 2025-11-04
549300E8DQ5IX5LJ5I21,,?,ProstaLund AB: no Swedish home listing in OpenFIGI for SE0002372318 - delisted / renamed / new ISIN?; last traded 2025-10-30
549300J7NGO4XVT18T89,,?,Mavshack AB (publ): no Swedish home listing in OpenFIGI for SE0005992419 - delisted / renamed / new ISIN?; last traded 2025-10-28
5493002YD4MUDIBFQN78,,?,Svensk FastighetsFinansiering AB (publ): only non-share ISINs in FI data (SE0020356723 is Obligation) - likely no listed share; last traded 2025-10-24
549300IYLL2U5UBB0U86,,?,Baltic LEI AS: no Swedish home listing in OpenFIGI for SE0016799001 - delisted / renamed / new ISIN?; last traded 2025-10-23
549300MRR0OJ090U6631,,?,I.A.R Systems Group AB: no Swedish home listing in OpenFIGI for SE0005851706 - delisted / renamed / new ISIN?; last traded 2025-10-17
5493001P7BX1N0JAG961,,?,LF HYPOTEK: no Swedish home listing in OpenFIGI for SE0012324341 - delisted / renamed / new ISIN?; last traded 2025-10-16
549300JZR79QYESM6296,,?,Spotlight Group AB: no Swedish home listing in OpenFIGI for SE0005504636 - delisted / renamed / new ISIN?; last traded 2025-10-14
54930035YB2W2WZC4742,,?,Samtrygg Group AB: no Swedish home listing in OpenFIGI for SE0009267834 - delisted / renamed / new ISIN?; last traded 2025-10-07
549300QAYR6579JL5X46,,?,DUG Foodtech: no Swedish home listing in OpenFIGI for SE0013281979 - delisted / renamed / new ISIN?; last traded 2025-10-01
549300BDCGQVTDHDEF30,,?,Northbaze Group AB: no Swedish home listing in OpenFIGI for SE0003204908 - delisted / renamed / new ISIN?; last traded 2025-09-30
636700F2D2J7HGQT0H30,,?,Adverty AB: no Swedish home listing in OpenFIGI for SE0017231723 - delisted / renamed / new ISIN?; last traded 2025-09-29
9845007F8813ADBFDC25,,?,Svenska Aerogel Holding AB (publ): no Swedish home listing in OpenFIGI for SE0008212161 - delisted / renamed / new ISIN?; last traded 2025-09-19
5493007KLYTJ8JF1ZJ90,,?,BE Group AB (publ): only non-share ISINs in FI data (SE0007075288 is BTA (betald tecknad aktie)) - likely no listed share; last traded 2025-09-16
549300KTMO4X275LNL41,,?,Intellego Technologies AB: no Swedish home listing in OpenFIGI for SE0016075063 - delisted / renamed / new ISIN?; last traded 2025-09-16
967600KY6P77AWNAI569,,?,FASTIGHETS AKTIEBOLAGET TRIANON: no Swedish home listing in OpenFIGI for SE0009921471 - delisted / renamed / new ISIN?; last traded 2025-09-12
549300GGHEV7KQEE8R10,yahoo,?,LUCARA DIAMOND CORP.: OpenFIGI ticker LUC but Yahoo's ISIN search has no .ST symbol; last traded 2026-09-01
549300FQDIM6C8HTN269,yahoo,?,Lundin Mining Corporation: OpenFIGI ticker LUMI but Yahoo's ISIN search has no .ST symbol; last traded 2026-08-21
549300LJX28T6OM8DT95,yahoo,?,AB Sagax: OpenFIGI ticker SAGAB but Yahoo's ISIN search has no .ST symbol; last traded 2026-08-19
PY6ZZQWO2IZFZC3IOL08,yahoo,?,AstraZeneca PLC: OpenFIGI ticker AZN but Yahoo's ISIN search has no .ST symbol; last traded 2026-08-17
5493000LKVGOO9PELI61,yahoo,?,ABB Ltd: OpenFIGI ticker ABB but Yahoo's ISIN search has no .ST symbol; last traded 2026-08-13
54930025D80LU0SMR645,yahoo,?,INTERNATIONAL PETROLEUM CORPORATION: OpenFIGI ticker IPCO but Yahoo's ISIN search has no .ST symbol; last traded 2026-08-05
549300G3TNLGOU8HV665,yahoo,?,FormPipe Software AB: OpenFIGI ticker FPIPIL but Yahoo's ISIN search has no .ST symbol; last traded 2026-07-24
213800WRGLW3CY4MHW53,yahoo,?,NCC AB: OpenFIGI ticker NCCB but Yahoo's ISIN search has no .ST symbol; last traded 2026-07-14
254900V76HZHRXRUNA98,yahoo,?,Leading Edge Materials Corp.: OpenFIGI ticker LEMSE but Yahoo's ISIN search has no .ST symbol; last traded 2026-07-06
549300ZOV16K515FC525,yahoo,?,Lundin Gold Inc.: OpenFIGI ticker LUG but Yahoo's ISIN search has no .ST symbol; last traded 2026-06-23
549300QIZP5BC76GPS64,yahoo,?,MindArk PE Aktiebolag (publ): OpenFIGI ticker MNDRK but Yahoo's ISIN search has no .ST symbol; last traded 2026-06-11
54930064FHDVK3N8U251,yahoo,?,Acrinova AB (publ): OpenFIGI ticker ACRIB but Yahoo's ISIN search has no .ST symbol; last traded 2026-06-02
5493006ZVS6SHCKH6I37,yahoo,?,Svolder Aktiebolag: OpenFIGI ticker SVOLB but Yahoo's ISIN search has no .ST symbol; last traded 2026-05-12
549300YX458MQ26P4W97,yahoo,?,Ortoma AB: OpenFIGI ticker ORTB but Yahoo's ISIN search has no .ST symbol; last traded 2026-04-16
213800JTLIGUFLV9ID21,yahoo,?,NCC AKTIEBOLAG: OpenFIGI ticker NCCB but Yahoo's ISIN search has no .ST symbol; last traded 2026-03-27
549300071188HIDJEB11,yahoo,?,Meren Inc: OpenFIGI ticker MER but Yahoo's ISIN search has no .ST symbol; last traded 2026-03-16
54930045LD4XTJCBGS35,yahoo,?,Tobii AB: OpenFIGI ticker TOBII but Yahoo's ISIN search has no .ST symbol; last traded 2026-02-23
549300S1GKQJ19WOLG95,yahoo,?,Zenergy AB: OpenFIGI ticker ZENZIPB but Yahoo's ISIN search has no .ST symbol; last traded 2025-11-20
